Variable1,Variable2,Variable3,Variable4,Variable5,Variable6,Variable7,Variable8,Variable9
0.4967141530112327,0.3077263991489563,-0.11514105836500704,0.5522017813527055,-0.23415337472333597,-0.23413695694918055,1.5792128155073915,0.7674347291529088,-0.13744774107045793
0.5425600435859647,0.29559796901559243,0.33160269465252695,-0.006503927499843326,-1.913280244657798,-1.7249178325130328,-0.5622875292409727,-1.0128311203344238,-1.7646123466345534
-0.9080240755212109,-1.1202038889001855,-0.7808690382394687,,0.06752820468792384,-1.4247481862134568,-0.5443827245251827,,-0.5059007265814306
0.37569801834567196,0.32124604053815886,,-0.0526874178222225,1.8522781845089378,-0.013497224737933921,-1.0577109289559004,0.822544912103189,
0.2088635950047554,0.5755060840325532,0.09359097973372156,0.42380002668622013,0.7384665799954104,0.1713682811899705,-0.11564828238824053,-0.3011036955892888,0.3360023553363176
-0.7198442083947086,-0.5204036743228317,-0.35643925170226093,-0.09392751918075684,-1.763040155362734,0.324083969394795,-0.38508228041631654,-0.6769220003059587,-0.6616832474193572
1.030999522495951,0.8203438221600181,0.7189130972768208,-0.3764222686081682,0.33126343140356396,0.9755451271223592,-0.47917423784528995,-0.18565897666381712,0.7478960321007687
-1.1962066240806708,-0.8925488371111395,-0.7452503150505982,-0.5387745829113838,,0.36163602504763415,-0.6451197546051243,0.36139560550841393,0.6876807966734328
-0.03582603910995154,-0.030879232077681645,0.5189440821776609,0.044708150882664784,0.08704706823817122,-0.29900735046586746,,-1.9875689146008928,-0.09450376151264853
0.3571125715117464,0.12308718275737118,0.14711514159095326,-0.03716539287179793,-0.5017570435845365,0.9154021177020741,0.32875110965968446,,0.16237195165679347
0.09707754934804039,0.2423180226139734,0.15145887493702914,0.6619003491747356,-0.39210815313215763,-1.4635149481321186,0.29612027706457605,0.26105527217988933,-0.8273694885237584
-0.23458713337514692,-0.14251740207776664,-0.3169750021423432,0.0832015884536884,-0.8022772692216189,-0.16128571166600914,0.4040508568145384,1.8861859012105302,-0.484779697193663
0.25755039072276437,0.20956296296494298,-0.07362264246015682,0.6498145410113246,0.06023020994102644,2.463242112485286,-0.19236096478112252,0.30154734233361247,0.9250875945199393
-1.168678037619532,-1.1300156355512758,-0.9935469223590033,-0.7643935894708584,-0.9093874547947389,1.4027943109360992,-1.4018510627922809,0.5868570938002703,0.4262508763170852
-0.9905363251306883,-0.5317274737175989,-0.8370029990479884,0.055954512772210696,-1.5506634310661327,0.06856297480602733,-1.0623037137261049,,-0.6514127053971073
1.5499344050175394,1.3728880730806536,1.1927968227764152,,-1.2308643164339552,0.22745993460412942,1.307142754282428,-1.6074832345612275,-0.41171724531116793
0.25988279424842353,0.09732206792527844,0.8866406919841237,0.5830706204642315,0.5219415656168976,0.29698467323318606,0.25049285034587654,0.3464482094969757,0.3627260324948468
0.23225369716100355,0.3861679284651903,-0.05223544287004961,-0.20515588029237908,0.4738329209117875,-1.1913034972026486,0.6565536086338297,-0.9746816702273214,-0.39637343940334624
1.158595579007404,0.8273622955288819,0.686029313620544,0.3949469463003767,0.82206015999449,1.8967929826539474,-0.2453881160028705,-0.7537361643574896,
,-0.8090489264745581,-0.5900041034091812,-0.6234952380646533,0.8271832490360238,0.01300189187790702,1.4535340771573169,,0.21814383719183775
0.6256673477650062,0.3485932547159476,0.5567067980484284,0.4048577668600996,-0.2234627853258509,0.714000494092092,0.47323762457354485,-0.07282891265687277,0.4484506187501389
-1.5148472246858646,-1.56609149036631,-0.9813278136936697,-0.6651134722139727,-1.245738778711988,0.173180925851182,0.3853173797288368,-0.883857436201133,-0.6061022336296024
0.058208718445999896,0.14087545084044106,0.4259748410966351,-0.2510317991060299,1.083051243175277,1.053802052034903,-1.377669367957091,-0.9378250399151228,0.858387354459863
0.5137859509122088,0.04479978506209703,-0.36826745552201634,0.05401527660403329,1.135565640180599,0.9540017634932023,0.651391251305798,-0.3152692446403456,0.8962794112145706
-0.7728252145375718,-0.86394893788321,-1.2570566112350021,-1.3263402955923804,2.3146585666735087,-1.867265192591748,0.6862601903745135,-1.6127158711896517,0.33013459082203
1.088950596967366,0.45604287575818625,0.6135019662741115,0.8504037277756678,0.6795977489346758,-0.7303666317171367,0.21645858958197486,0.045571839903813784,-0.021395097325841984
2.1439440893253257,1.697941332902082,1.8299509187908405,0.8138151034705718,-0.661786464768388,0.852433334796224,-0.7925207384327007,-0.11473644146689901,-0.03782248809052008
,0.6625400632817228,0.13633422643740611,0.4198696139068324,-0.6533292325737119,1.7654542402810969,0.40498171096095553,-1.2608839543350452,0.6258900895440572
2.1221561970126332,1.632385714972834,0.583219636000716,0.8555715433884759,1.2669111491866227,-0.7076694656187807,0.44381942814622843,0.7746340534293368,0.32475882028407704
-0.05952535606180008,-0.2561358237835553,0.12968607262250256,0.30472953573523287,-1.2477831819648495,1.6324113039316352,-1.4301413779606327,-0.44004448669698376,0.22692615060669882
1.4412732890661155,0.9185718805655645,1.0819884694570951,,-0.9815086510479509,0.46210347426327075,0.19905969557347003,-0.6002168771587947,-0.16215890543602202
-0.3853135968617602,-0.2153769047800933,-0.596782039843061,-0.13587027979841956,-1.237815498826849,2.1330333746562666,-1.9520877995225019,-0.15178509503558332,0.6422842341814831
0.28099186773503265,0.11468310784632858,-0.09896757280175614,0.026482361708717997,,0.8496020970210246,0.35701548596504734,,0.33561629253817715
0.30729952087660933,0.3091112810085164,-0.0758134512767758,0.004012213568436729,-0.5601810401969696,0.7472936051232618,0.6103702654334648,-0.020901593964148132,0.015529119916502007
1.277664895788425,0.8450821794058954,0.9275260222940794,1.1975399258977903,-0.2176812032272203,1.09877685198719,0.8254163489880298,0.8135096360006385,0.5588815412231016
0.02100384163275905,0.0530156218604237,-0.17319189371197077,-0.3231224104260543,-0.13014305436768459,0.09699596499271819,0.5951570254369136,-0.8182206832334725,0.023400628757155158
-1.006017381499702,-0.5441582977365489,-0.5559929913571355,-0.017776507747664816,0.6241198170521551,0.6283455092642799,-0.012246772846914623,-0.8972543714858315,0.6135189784561708
-0.6771617115121117,-0.42449620913113273,-1.3304011969297955,-0.1121966099962462,-0.32138584165299344,0.41293145427562433,-0.5637245528039747,-0.8222203955664315,-0.12803155748414896
0.24496657110872277,0.11349049324368214,-0.08557895976223387,0.5727019969604157,-1.4480843414973241,-1.4074637743765552,-0.718444221252436,,-1.3020352286820653
1.475356216949552,1.2317247676308272,0.6949331635913714,0.47215922666749416,-1.0025293646378088,-0.01851313599238993,-0.2886586389201383,0.3227185603380895,-0.540751484317246
0.5193465142411723,0.36734417648689527,0.2866403564570729,-0.07278105375736646,0.6901439917111125,-0.40122047188583626,0.22409248181041677,0.01259240078179486,0.2128214654107053
-0.7730097838554665,-0.6168317901454277,-0.7025211762458681,0.06832888890370287,0.9592708260852069,2.1531824575115563,-0.7673475628880495,0.8723206367206782,1.507712027658824
2.1898029332176723,1.6867201361444373,1.7722151872211005,1.1821606050187066,-2.123895724309807,-0.525755021680761,,0.15039378647620763,-1.3997914707973869
1.8761708392158862,1.4680696301956309,0.7555185559531031,0.262866839446675,0.4919191715065057,-1.3202332070206422,1.8314587658543537,1.179440120721287,-0.37494480238178846
-1.7131345290908775,-1.328088952657867,-1.1855467274643885,-1.0125753773800283,-1.594427658794367,-0.5993750229537729,0.005243699718183166,0.046980593764742055,-0.8750250563072377
0.6228499323474987,,0.6034958796067608,0.3343179851161897,0.514438834058749,0.7116148780888898,-1.1246420918378692,-1.5341141707356223,
0.33231401197959165,,0.7896140393543005,0.37271095513004227,1.1792971840638264,0.06751848141010895,2.060747924881987,1.7553408424432044,0.6339734139635075
0.9715709509543554,0.4995482499972422,,0.028036688721163272,0.6860514599984393,1.0584244868495878,-1.7587394864231143,-1.183258512665775,0.8201307228443206
-0.26940683444455776,-0.5355796884563881,,-1.4870502090006092,1.6286155455712918,-1.3801014582148914,,-0.05554769889661878,0.14599736250564277
-0.03269474809409311,-0.26961233691937037,-0.5640451614345746,0.04752187214319106,0.6696725488300385,0.36659824609684827,-0.9398797863273552,-0.5138669173366935,0.43919035991026933
-0.06267909727317188,-0.018250776457711664,-0.7614622293851274,-0.49907874185221734,-0.5302576183724408,-0.7928728322623442,-0.10703035995455783,-1.035242322419374,-0.7170667831992242
-1.1978778925888485,-1.1368598171694555,-0.585082212077684,-1.4890514095506378,0.213979910734222,-0.11232804969082982,-0.22096959953322298,0.6141667000434252,
-0.5305011476105275,-0.32167802524220274,-0.37301889142179034,,-1.5151910621985523,1.3668742674445247,1.6449677135012837,-0.24903603955637832,0.004192693806219255
0.3112501545435361,0.2559428733853413,0.571428915120002,0.47915806811030126,-0.9555404406004258,-1.6064463202575725,0.2034636358672231,-0.7563507452843033,-1.150948216834211
-0.6465728842425266,-0.910959150081632,-0.8646218856606933,,-0.007972641316617372,1.4799441388900259,0.0773683076476183,-0.8612842013282637,0.6485359494473113
0.5389100436846587,0.5621231517920648,0.5332076724378868,0.24701133879033826,-1.382799730964336,0.9261775475316414,1.9094166404701305,-1.3985675738191412,-0.24786898677694794
-0.6506425691218269,-0.35835432617911955,0.1051955537778771,0.3405971494776329,0.04852162794482699,-0.8309501164110378,0.2704568257798388,,-0.38261170435787
-0.9075636620415979,-0.924823464600249,-0.5093828809219387,,-0.977555244798551,0.09933230542922587,0.751387123371789,-1.6694052811213718,-0.29050914326738236
-0.6626237589458467,-0.44606069857767905,-0.38086217958477797,0.3788835979421592,-1.6275424378831627,0.048084946661381994,0.25972250172148187,-0.9043166251044086,
-1.6615200622689599,-1.5005156972970077,-1.1604972193409668,-1.4574036072450032,0.047398671316414016,-0.8604133652839524,-0.38455554422982535,1.0062928092144405,-0.4999630836155492
0.8356921120651418,0.6880877650017806,,0.3990324094194829,-2.4716445001272893,-0.7968952554704768,0.57707212718054,-0.2030453860429927,-1.3964777124649774
-0.6039851867158206,-0.7360878307636496,-0.016117749987969998,-1.0883380484373955,0.2544208433012131,0.3376026620752022,-0.4118769661224674,-0.48760622407249354,0.24592291103291516
0.39445214237829684,-0.043059576604277894,0.09285920772328804,-0.11758867870475362,,-0.32602353216784113,1.2012139221639448,-0.4080753730215514,0.24843511362201068
-1.008086310917404,,-0.5543154407272777,-0.6292658335005812,1.6764373122752827,0.32692737376416264,-0.21910052880886424,0.8294055811834892,1.0622719393577014
0.23561455810856594,0.16374585723188553,-0.3039801012953799,0.34889296924435964,0.3384964074944141,-0.4152879139008013,0.6327818661062848,2.270692857804396,-0.03661223361792493
0.24822058630033608,0.11904053031734807,,0.08964987064716817,-0.8560838259088672,0.07156623721939247,,0.47897982574639186,-0.32411454759839115
1.0375399442578992,0.5932258437618074,1.1568041807472,0.6052983615690506,-0.4442932600761116,,0.7569886166453519,-0.9221653241776254,-0.14803909429389928
1.355637858804951,1.0045304746177333,0.8447558144761127,0.8840943380261976,-1.244654703311417,-1.7787202489042786,1.496044311489183,0.6543656563540577,-1.382485673732159
0.2799686263198203,0.277833851572003,0.6319606812366376,1.0286717818964588,0.10939479460489289,0.725766623898692,0.4810092317367132,0.22388402427913137,0.4367752428474734
0.4714683571359957,0.3681960796842892,0.3065586522776416,0.09479898569612377,-0.5112156764311852,-0.9896048202585809,-0.12578692009964815,0.055724912288694604,-0.830906596894519
-1.6924646297148194,-1.3174714976520128,-1.7372945726877307,-1.1668919788577594,-1.0121043752601675,-1.6548566718657693,0.8231705839619146,0.07331796718840389,-1.1800479618951005
-1.295078772063616,-1.1700860577417396,-0.6389348605250151,-0.6036181885184801,-1.5031429531181062,-0.24574306408594432,-0.2727235697476705,-2.6968866429415717,-0.7769196004773422
-0.23093453020867796,0.049595958776289556,,-0.2911544355900437,-0.26888869055483056,-1.1065259087416703,2.5733598032498604,0.05921843401448826,
-0.024125087110003277,-0.25453473699895873,0.19271908307811075,0.4400634651752392,-0.5468589412403921,-0.03275327021599839,-0.543424771133765,-0.7128457826771644,-0.15710960528955142
-0.2549772174208553,-0.10646971451934051,-0.17092079193257403,-0.17716904428969732,1.246085192497629,,-0.34268759408034877,-0.37144086599579146,-0.338843416474882
-0.7778166875908753,-0.385875131480708,,-0.45775562603802095,1.2715550949941588,0.7216720640432351,-1.1290517712172292,-0.5245202662797737,1.0447594114024716
-1.2221278088919454,-0.8815206285637773,,-0.7174386655987135,0.7109599682034915,0.44426331148603976,,1.159329803364248,
0.6159356069442637,0.452243640142445,1.0900218675068243,0.5587131534741234,-1.251113576385303,0.924027019206901,-0.18490213644298903,-0.5227230205190395,-0.1335964940084461
-0.7043436905427592,-0.6691343617668033,-0.3451446458255937,-0.4645794103526761,-1.280429352496283,1.7547941819843647,-2.081929407883722,1.6964563682900382,0.22191085190863136
-0.09671311187039239,0.1298470407129373,-0.0849545042109136,-0.1787585036243906,1.1033018820165215,0.11422764866203965,0.1503017614618776,-0.36361221221385587,0.44096283942984454
0.3078017688920592,-0.03835356993868724,0.5380642588115108,0.6431286250862001,0.17086543812794186,-0.18398333635267913,0.01843393306539316,0.34758170536167105,0.08972644600800285
-0.7783047254023127,-0.816668632397779,-0.4816127682206856,-0.8324691157033675,-1.7025836042378404,1.0291556373256436,0.472597482413043,0.25602973431387566,-0.0705752545252068
1.6654744444625766,1.2528680024717171,1.2286923802026417,0.7659472310962276,-0.6248185776956788,0.026091050210833786,0.517659020469123,-0.7257438131534656,-0.27112799481656336
-0.7553829323533225,-0.3567755943802584,-0.8562556042950564,,-1.3516846056163336,,1.0536417966078395,-0.949398888831943,-0.9968989275397733
0.4933179008808892,0.4706078479128906,0.41547693835350197,-0.370169335419095,-0.5756378262377739,0.12200981464536144,2.5600845382687947,-0.09605989972464987,-0.1956807576350529
-0.7031764251258874,-0.7561502918027591,-0.18159047266303774,-0.26158597451928545,1.8124485579969287,0.7077519354554754,-0.5624667758942676,0.632407739055521,1.062731755062864
0.6218099622171964,0.4353864286967764,0.1844483279220301,-0.16081121297411394,-0.07443342910004629,0.620672097550678,0.17770100093325383,-1.3353443587101013,0.06373137302258267
0.6105857452838231,0.36560396740779966,0.8547587680727604,0.5484754927782808,0.4591800792284367,-0.07016571145864703,-1.6609609335159914,,
0.27157883719537346,0.07530527130959175,0.1625933787932236,-0.33987724198183544,-0.03955515385665504,0.6815006973726244,0.028318376130461172,0.02975613949574519,0.14967965648701306
-0.5160447282173739,-0.2170578708625433,-0.6275621632137239,0.14687289022201824,-0.30917212346863937,0.22213377163371284,-0.4787486216634773,1.2557561255735208,0.13124294948019488
-0.18687164416135904,-0.4238459411817884,0.168479472163122,0.18802566180881203,1.0318445394686349,-1.485560373036972,0.26705026586925884,0.889630795623437,-0.21568309449807563
1.0654803750653512,1.1741404711991557,0.659797991824265,1.0490588929726155,-0.36283856043965906,-0.4455025214007718,,1.5795721457307124,-0.39834541973291093
-0.42018681709585726,-0.17050351563976124,-0.06627630572126775,-0.0017754500886157792,-1.0041407667520679,-0.7677975651041284,-0.03468488738678118,0.23421473253652075,-0.7084568668565078
-0.998354040738791,-0.5805108984702931,-0.7863754181947148,-0.4408269162540556,0.6748194921666038,,0.3824097461840506,0.1664522082130561,
0.2891686439078181,0.13874701272120282,0.18447020767650157,-0.14731962290121586,-0.6231405264247644,-0.5554771191602547,-0.6373871273065177,1.1890165311075518,-0.6070643443137137
-0.5707462937494763,-0.4865851788154029,-0.2514543443243459,0.2964627690375999,0.6329318177555108,0.2029230208512997,-1.515744114997232,1.5475052013300616,0.38294190429792685
-0.6127886904843862,-0.7768613152924515,-0.34168296606206855,-0.7459148772425281,0.6585442726728304,2.0102045387663496,-0.1769472274940494,-0.7982972445384537,1.3038138642899793
-0.7309300399419191,-0.689676513366896,-1.110310562094865,-0.828632337448136,0.2237879516388985,-0.016422896072752075,1.188393273448084,2.5269324258736217,0.1434827795216447
-0.48943944251822213,-0.29282058448594755,-0.678980731791073,0.09045522332156347,0.5839281853259639,-0.35929209078705954,0.5906548306923093,1.1087035805829077,0.1259187567940952
0.5072740311072977,0.6650318372421175,0.633914817212353,0.08056438107067226,0.6487098875896427,-0.16711808031685435,0.14671368643332283,1.2065089665083568,0.22452808679635639
0.3686733088729012,0.07350728373783061,0.21843033954056662,-0.3359210287437525,0.19109906801990334,0.04643654815614881,-1.3598561409799192,0.7462535660272207,0.146914612831901
2.16325472330546,,1.3571589154823955,0.41705984988048306,1.5774532797634744,,0.27902152577033923,0.6078965097165392,0.6871362768323606
-0.44643361455052827,-0.3874067356869271,-0.7200757347626121,-0.42560797719636334,0.132969674146876,-0.7001208149391732,1.1950466289248425,-1.5231869047837747,-0.3582152408342273
0.37721187506452086,0.022611659613119672,,-0.019519013790725476,1.8811570694405901,-1.448013900416244,-2.198805956620082,0.4400144500533324,0.1995223482242709
-1.0212328171307132,-0.6987164053528906,-1.3214025639800835,-0.32199315214745483,-1.2803043986708944,0.8724573282801447,0.650201177958661,-0.09917586377938291,-0.29090004756761256
,-1.0008658794094438,-0.7794435520387667,-0.2199970299258729,0.24333944932269183,-0.24123605785632987,0.3520553965142968,-1.251539424190444,0.009054780449945262
-0.0821511783925688,-0.10479901294945984,-0.23703709904911222,0.14787976169664158,0.5697672802322039,0.44770856001731496,0.6427227598675439,1.3291525301324314,0.40979933396345936
0.7090037575885123,0.4768131316884343,0.20632626301636403,0.20973899119178868,1.8009404329108156,-0.04015795064434341,-1.4307751021180481,0.12810441491078928,1.0462902792981987
0.8406435489887241,0.5146471380470444,0.5680134567417209,0.22951001227633866,-0.4523063192490767,-2.4238793266289567,-1.5839028234857233,0.7604146561442974,-1.2982729790202863
0.42545756178496474,,0.40701148250529673,0.4074372189651899,-1.1583646891925428,1.5033983017671506,0.8773622905756714,-0.22096417382966393,0.014841169032414642
0.20838280794755248,0.12358433064443751,,0.5831786635580903,-1.0016200098949155,-0.2811002928859549,1.7976865268495226,0.6408428612670098,-0.5906421573190841
,0.3836946486291938,-0.05275707891965309,0.28074246897079635,-0.6469367777055739,0.6982233136135899,0.3934853854217496,0.8951932200277323,0.07501481572239602
1.0495527153193351,,1.0825012137136911,0.22871756706747612,2.0752608726252655,-0.6891878180895679,1.7359638031652493,0.1979107834626478,0.7910692691563164
-0.48388583405432156,-0.3232037330868662,-0.046789615533503526,-0.5910686402863379,-0.573700003938579,-0.02435459226098284,2.1422703586118637,1.7275431701007113,-0.3280698082836747
0.03800347816820029,0.36112623623301726,-0.20712538709526995,-0.3614063640250799,-0.2573765374233451,-1.6685840738775894,0.39922312260527926,0.647195939702741,-1.0249250724877847
1.5739867632900328,1.2871668571998518,1.1627615206788322,1.0388079831373203,1.0470983026121545,,-0.45888426286894,1.0786808334312956,1.3106453984746087
-0.17262729994081963,0.0611218030295701,-0.2581290847598583,0.26786449127356493,1.4765403497258958,1.3800913541474515,-0.6255627015095294,0.39580353343740904,1.1474243961530413
0.2606737658239071,-0.06950537237156687,0.23817821020235663,0.18924218661972453,1.1727290192593647,0.5436001545944323,-0.37061433208610595,0.7716987106483447,0.7287325840834601
1.1487657003721035,0.9505648481564367,1.2568752942818375,0.5188751303530396,-1.2946814757209058,1.1608267873785194,-0.46770120131189136,0.3465038817307158,-0.0859966583051733
0.47704082722312147,0.16215899798428388,0.5156104488455788,0.6600692971472707,-0.4937565831613125,-1.556581898659751,-0.4281151609659125,1.5007597906343109,-0.9296156621494895
-0.3486521344078592,-0.5743066930326677,-0.09147398211546884,-0.5382314136535277,0.38193545223155334,0.43004164719106963,1.0302834540318422,0.23878915902651351,0.4343061404476139
-0.19634984908497827,-0.30495416075978987,-0.2665376903458775,0.1991351984270083,0.05194588580729943,0.7326400772155792,-0.08071658010858232,0.07863519031609059,0.2847002551316566
0.9163276747024814,0.9714420066446998,0.1962123728144365,0.5673680459910027,2.0883747047807275,-0.13958962815517376,1.1081828167375165,-1.0399059271255309,0.8495803592648231
-1.0534155631736561,-0.6527292848049958,-0.7999313573836816,-0.6349778767547325,0.21743287317972287,0.8700677306887542,0.49568188797260465,0.15041890514357642,0.4879482364458758
2.403415585238275,1.9713334126015,2.044373356125967,1.4198121704880045,,1.1870303055603801,0.6387302220291846,-1.1430049127304835,1.0466101030851427
-1.146345393018688,-1.2236164263929366,-1.2605921320899758,-0.5703154083621644,0.3287624103034804,0.32135721545027307,0.42192075423528475,1.613711269058647,0.30233654905998136
-0.24415663529064868,-0.23458143851010632,-0.4874364551564626,0.00204024060070665,0.597400069849858,0.7011727423108983,-0.29756350335999193,1.3757068133116195,0.6279583429945984
0.12557645347154225,0.16080116455758092,0.12578383830030002,0.12899206755702805,-1.4400508825942944,1.5945050632249722,,-0.9913923494563072,0.15388833224797882
-0.6389617476895022,-0.4760621522358822,-0.7426696588368302,-0.3007945240282617,-0.6881503451777238,2.2524358053443088,0.9817654869915943,-0.32483138350862245,0.7431918686400601
2.2909425725907417,1.4639953413764442,1.3659027666789554,1.833746001974042,2.439752406339273,1.3842728185105182,0.5639091200523596,0.594754341665286,1.766169903533328
0.7589285897867651,,0.4041704383322825,0.7311502394137318,-0.7539645888666763,-0.28067507686677406,-1.6929568141953855,-0.09833962679474989,-0.6238101662547005
-1.103589317215771,-0.8956870066023601,-1.1821977433080844,-0.24828144596721125,-1.570500603623177,-0.9896281365703375,0.9407711879882159,-0.9824873935383096,-1.1470351631705133
,0.5472998611230795,0.09279991545227578,0.373099579955203,-0.6013676439512137,0.31978193414253697,-1.5929937335316693,0.440474737960399,-0.07876281461374363
0.5524899544171478,0.0027663993137289067,0.597771343128196,0.404522719826905,-0.429405541125253,0.12229750303228377,0.5432980290363879,0.04886007032570433,-0.06530449768479112
-0.7019916878067554,-0.5940181453413761,-0.8836051161340179,-0.1492129766482449,-1.243863235391285,-0.6929051977959073,-0.7184072655691974,0.8949243769444413,-0.9407808723576161
,1.0268034121147775,0.39405781052316236,,2.1451491277733883,-1.1875984190295128,0.3098207102270275,0.6337768809320985,0.36499389144587946
-0.1852876588777083,0.021692270601076008,-0.3187088550745641,-0.10841036774572042,0.9638791167949097,2.2105230015913513,-0.5574917850078336,-1.3698029795790778,1.3710708857454577
2.5797093376543185,2.202338986970942,2.0253831871109766,1.28903645711749,-0.5535882417079946,0.5689830791852754,1.628396623128538,-0.3791277409874871,0.06056906685391067
-0.5816809139486437,-0.34883046739715395,,-1.4774685747895147,0.03408346825922607,-0.7699732310586418,0.2337859117907477,,-0.22776228776731625
0.8335289616089246,0.5068350679467529,0.44409594969156174,0.3883413764871084,-1.2096410186912054,1.6725723868377034,0.4190190093660452,-0.7050118557584089,0.16757310493676392
0.5583269125217224,0.06506110259271641,0.4041364780198877,-0.15635377048851404,0.169360824036078,-1.4137144969049802,-0.11122606134870032,-0.9039076414647897,
,0.9102639887560697,0.34155299278941054,1.1832263925667954,-0.3164084496948019,1.2130976999791834,0.14171691363990474,,0.4158581435444311
0.1920491164900316,,0.2828460776755318,0.2201170232649441,0.7081086766885905,0.9567023167945841,-0.7859894605079495,-1.331232953557778,0.7367363693511849
0.5079913269125437,0.6850839670349212,0.47062443825987377,-0.064534987593032,,-0.006070911539893324,0.8384907744516419,0.08182935854756501,1.097979449670007
0.9190764829877686,0.877371006849772,0.5205609958627215,0.5064705424586161,-0.6680904536430488,0.9920423495365228,-0.17495975669540864,-0.7557451594928447,0.22043948961227905
-0.8984679817910373,-0.632906220872483,-0.327150233714801,-0.7981921665484915,0.4746982328799528,-0.025026958745143917,0.8177662992002871,1.3902075490173134,0.234909855039371
0.010352619843380607,0.08421002555189758,-0.3310019957955452,0.23988898161612512,-0.6095122021592831,-0.186971302985446,0.056649924897107164,0.5296927543567308,-0.13083503455036438
0.4865016438262019,0.27797756570880544,0.678923848654412,0.2831654851610774,-0.14408755572161547,-1.2096947428411076,0.5999287299962045,1.5307508323436974,-0.6944244986529579
-0.213442870930208,-0.19676635545489043,-0.10306190997257025,0.2650760391703728,-0.6134026635409398,-0.30246968648812833,-0.38817681854122876,0.1704162223754877,-0.3603323873100831
0.0030460201534144695,0.33625072128799777,,,-1.4848979684499035,-2.553921134901955,0.9343199112392737,-1.366878698415421,-1.8703886974894877
-1.1701130260593595,-1.1246020220058628,-0.8250412088520451,-0.6611579747122589,-0.5765104007267194,-2.59104229214491,-0.5462444482524828,0.3918040054025465,-1.5123274104910978
0.18335991977915564,0.4696436939652948,0.0961725141021264,-0.2642225017914772,-0.9730689408815555,,-0.15852957302697002,-0.02730453950993186,0.09948943864882388
-0.4432822511915103,-0.41903143185161995,0.055787293091257906,0.029179053658913878,-1.3719011429313563,-1.6135613978767411,1.4711703274936085,-0.20932367715186612,-1.3297228954229403
1.0399046873960764,1.097010171735877,0.4049295429359494,0.865754575217575,-0.48791140814570266,2.1573082132655035,-0.6057149230033384,0.742095372009307,1.0430459178099196
1.301741289398798,0.7600300296195308,0.6824631308351792,0.6543400261827468,,-0.6777153697521061,2.013387247526623,0.13653533108273744,-0.1163990336341656
0.1846803058649084,0.26492508492485656,0.4401670817271798,0.1596026634976904,-0.6568942789713957,-1.0469109826819396,0.5366527525272862,1.185704154662997,-0.8797302406924692
0.9960476858058164,0.6494841214551288,0.5185728995089136,0.5555996291885936,-0.32267983884213575,-0.25083301645504735,,0.5562300094006599,-0.2307797131342938
2.165002344901084,1.4489484375360298,1.785661564630236,1.5111047058450564,0.26859227886325693,1.5284684264125317,0.5078357562896237,0.538296079049633,
-0.3649527295428853,-0.24825537515211912,0.25436388422259315,-0.26299092790807704,2.056207129940322,-1.1032083657216831,-0.221253623585772,-0.27681329988892067,0.419653765637961
0.8157372125392968,0.8544841277506312,0.45047754069501755,0.5681485501344125,0.28257995048829965,-0.24869112618354708,1.6073455760199926,0.49097495163825133,0.01685249916665469
0.6628812686674127,0.36131672721523095,0.6684255860397805,-0.21766048334342536,0.3996879517526416,-0.651356893791829,-0.5286166817497568,0.5863640187550933,-0.033790985623113196
0.02127157673606165,-0.282785930702831,-0.3312175806867144,-0.5169759430610316,2.601683114180395,0.5655096456315442,-1.7607627591558177,0.7533416211045325,1.5225989668581574
1.2897527540827456,1.0134332503992054,1.1292469172782647,0.6471852674768461,-0.20902325728602528,-0.8505204542093001,-0.5805234498047227,0.5885784044206096,-0.5271516320636682
0.3946715298229811,0.29825015810294864,0.33609726667211687,0.6205235135425321,-0.6097829043193822,-0.1340171666729177,0.014688194729197093,-0.78489831308224,-0.3497714334095282
-0.12094814860778157,0.012905406624674487,0.057247780622617456,,0.7223813578277714,-0.372833152091767,1.7269638512334051,-0.39963618561460235,0.08068460952013487
0.9325908318730899,0.9359915797713696,0.45914196070054447,0.46722833613797216,1.262584103427182,-0.5518581458924467,2.5581992856682523,-0.5642475986573886,0.20702042540986149
1.5421099525678756,1.2218049257998018,0.5811519421273611,0.5703288576781312,1.0240625258114624,0.5925269492011831,0.7783610761666377,-0.5511857163285334,0.7584547416937539
-0.0033744574109520514,0.368401097030091,0.148613499237185,0.007137989880325352,0.9553052085705107,0.08840688629184736,1.4775300810552618,-1.141689114133505,0.34231188782840116
-0.7168223206028049,-0.5286109075751857,-1.1207965701657998,-0.19917796226158277,1.513449743242131,0.6308116845547775,,1.8540925663341883,0.9234549524514226
0.5820977034686158,0.3963928615735127,0.31226324475527056,-0.36106734112735017,1.088748619704186,1.884586305934609,1.543243528272189,-0.4888494217862741,
0.14088624691120394,-0.20960447429160242,0.38097493276383365,0.3866131460917296,-0.46603650186824225,-1.5947030672667954,0.5136001065697166,-0.5327008396619114,-0.872364487481741
-2.8722622132816493,-2.3503416746885533,-1.9530142285352436,-1.676373924064916,-0.45709625658627184,-0.6022120603617805,0.46877425607502377,-0.9983854391882915,
0.7660802783846903,0.5455868336255251,1.120758988306227,0.6161134943505716,-0.877982586756561,-0.82688035403986,-0.22647889190152676,0.3673655068161781,-0.8973471216387228
-0.8031789506803448,-0.4504822012879819,-0.25469251970170925,-0.7782887597303395,-0.7472116791478234,-2.4242402602729416,0.8840453963610497,0.7368438970924334,-1.612455221029101
0.06699071722487192,0.14608929859326836,-0.1492760144402626,0.35518963137444826,0.7942646796218271,-1.2542894231692494,0.2935579321666293,-1.356581804623405,
-0.03564148229748357,-0.2643870101645103,,0.11014563702709282,-0.810252437014381,0.20056919723094285,1.1486373494287152,-1.015821818978397,-0.27278767830677136
0.42881650033057295,0.37750407754666593,0.28596033946807026,0.3801832753303582,-0.8275902206487197,0.08614388304637476,,-2.9213504834946074,-0.3117849212453254
0.9039348410861953,0.8574541072147669,0.15810135975649847,0.11670105560894317,2.0574954697116987,0.020793707675407894,-0.7280029412291344,-0.18289644110484016,0.8905980783007634
-0.6459641791245353,-0.2111650714220617,-0.7342946003324806,-0.02687976701400621,0.12267031599479553,1.6246784584695606,0.3230792731160291,-0.2523535021262876,0.7662430186264171
-1.563190808696657,-1.073051853474514,-1.262461838181618,-1.1170535859784638,3.193107567844861,0.29875290836568624,-0.7517910500951843,-0.4263575962055433,1.6080882553488063
0.11327041053776446,0.24278565929250712,-0.5315768634803458,0.044566093537030116,1.8732977762175456,1.0800480657146485,-0.4473218956587512,1.281016361735113,1.4330487181339713
0.8527736751222195,0.6942361390208084,0.6111896130610465,0.8283069237946155,1.0299608175811612,-0.33477533210654087,-0.4036484632419967,-0.955122579349353,0.11732859143175084
2.062524919243145,1.727682336479206,1.3690458900742892,1.3552901727158204,-0.07964139124571515,0.4523717962497339,-1.0623935281468797,0.4283070972076486,0.13083473834866222
0.985729995679863,1.038484976685122,0.18814282658243187,0.6291641630272465,0.32579631658216646,0.19438430157733602,-0.35316629281068834,0.33848384346169114,0.2554621575658824
0.1684609762696143,-0.13178669848023852,0.2391865429719296,-0.46899464945727987,1.3171150673398653,-0.11806852699107874,-2.1218548990085946,-0.6078219870944325,0.4477733326958804
-0.022868062298882122,-0.0881823152824969,0.19875417979807036,0.20532569570017925,0.5467335682013793,-0.23893209916969432,-0.36682441181468756,-0.3917581490438219,
1.6153756894694418,1.1377868018243054,1.198873326288076,0.6904245761737933,0.9983108981479604,-0.4316203127180484,0.40373009033660945,-0.024195606390916165,0.19146977542058669
0.324359281721603,0.33531804912250723,0.129831044642431,-0.7269354098186651,0.2011596558728393,0.28328787154614216,-0.25890497370407733,0.5866938014752747,0.21387211863781336
0.8712972974572442,0.9430822730959528,0.7873407537456274,0.878901294384179,-1.0003313246055747,-0.6777449705248515,0.513907849658915,0.17958178193959795,-0.6995321231244627
0.4891871301476635,0.27195484677391607,0.5464970992463718,,-0.24125765461854246,,1.8998819348952156,-0.13263374638257355,0.13496374208269551
1.1070806692869728,0.40760366193569064,0.8671775394167874,0.7255426963546433,-0.5353281859539227,-0.09053328230416077,0.33198033056901455,0.1904996797790664,-0.46629496549657934
-0.43548637056984335,-0.43083324546076873,-0.5522241345293186,-0.6966081548135832,0.6153674840130534,-0.9354387020445953,1.0859821161750323,-0.535963445114048,-0.18689750080584716
0.36728731340134063,0.47652459712455386,0.34008134903429266,-0.9847667670036679,,-0.30317978283427544,0.7999419019420501,-1.616310608436588,-0.04222566933219957
-1.067802921579193,-0.7467163566733785,-0.38881784985779144,-0.33639627066595307,-0.16882172319001063,0.07005216311318138,1.1618783026081905,-0.9273531341905741,-0.07813581471308702
0.9751976297824297,0.8657953533880591,0.5036496232641817,0.6361026827056246,-2.703232292999237,0.6778753195309076,-0.6540756831274238,-1.830632896856457,-0.9960540682066461
1.3736585451629577,1.0429281757554703,1.5909427833537997,-0.05051174558929872,1.3149144535840473,1.639964529371393,0.7421274910718922,0.0754336389015928,1.4222627632802203
-0.24606248812994858,-0.45265613774791613,-0.3299330218865793,-0.6629935009953922,0.12320480678448567,0.5514853760404675,0.043602446372453724,1.695051040430753,0.27053309266892367
0.1946074552372427,0.25874482851468766,0.14594732266811075,1.2573339945967732,-0.03703679704841202,-0.42930222451725997,-0.692420979873856,-1.4063174636718339,-0.2608686410695741
-1.5047203740310022,-1.3706326612317268,-1.2550499406236022,-0.9446238424005574,-0.30920907704986345,,0.31917451041918043,1.3404504460231446,-0.46266885822187004
0.11502607914741717,0.528840209994025,,0.6096877165469015,-0.7519693317388191,-0.31905393566661816,-0.796025856803489,1.0760071385985983,-0.40488544937056803
,1.6350539902733092,0.8081669722365226,0.720768463216632,-1.803139676255945,-1.5841359430054898,0.2671266510114834,0.5087250232299338,-1.2861026754943912
0.8950383140761154,0.5999009907501022,0.4627142802082644,-0.4761805650912015,0.8968393158655319,-0.2685306479058323,-0.8911922254152874,-2.151815401329305,0.3654625113476071
-0.21113023882769444,-0.2911812405398812,-0.4754275272839562,-0.24281204304229093,,-0.6500025808234597,0.16865467196672768,0.44194064956940904,-0.2777023565453578
1.41093237974627,1.1101570624742982,1.0282541701900763,0.5598524133701369,0.23321613126350166,0.9531366339132451,0.2871241652018242,-0.6124373746404379,0.4832621244307505
,-0.9628813502608794,-0.502274132471791,-0.7376801056238762,,-1.881849045497639,-0.5487249077409615,0.09284490114111471,-1.007260761218404
-1.0276751409259581,-0.5987733576347758,-0.5255707425138052,-0.40512034878342246,0.42719436187168486,-0.646227309843803,1.775310892609512,,-0.09233169162554089
1.0005823180429783,0.837749088383192,-0.011090185627582905,0.6083567616881698,0.28869362927985703,0.2603218387712207,-0.1343087414705478,0.8108082731597821,0.2577739521489446
-1.7485319732381808,-1.5451519263722504,-0.6113514853883624,-0.9871379363248729,1.1267051368275833,-1.0909664302151982,-0.4108142879545848,-1.1057046684859357,-0.09176885616088648
-0.30803428418574125,,-0.12704001674375834,-0.4266060413694074,-0.5621680265783021,-0.20922187374452778,-1.6834381922209503,-0.8058700664961888,-0.3646549081356747
1.6155828235482317,,0.8979582343358621,0.9758706717103535,0.2801611588196068,-0.8096035199216461,0.4240610444640897,-0.47383934707091613,
0.5462842480036996,,0.4295373492998719,-0.42527150197092584,-0.08836295920533532,-0.3700110298821277,-0.25879606266710237,1.598647170504717,-0.17022895558755036
-0.29548031802916036,-0.35802955591228014,-0.15397927586960453,-1.0349607164610481,0.3696421921980939,-0.10730214400422888,0.4477169258102776,-1.5708761520684993,0.1684818070256665
,-0.8825168795703396,-1.035802119564808,-0.2338379298615766,0.6380511014407572,0.5008444749444569,-1.801057734152739,-0.5426737997340217,0.5415994823870907
-0.620847598251116,-0.4344560803722538,-0.3752183185731585,-0.05786553936920952,0.7479102561175338,-1.0727430257398065,0.23924686411114954,2.0740826697499735,-0.19687561225702827
-2.5302875227463297,-2.402159876616295,-1.953442952208523,-1.4642540719993913,-1.2295495944524168,0.4966992232365217,-0.46531045678005334,-0.10594835430413566,-0.3811727297120371
-1.5029703283951532,-0.7993212406239947,-1.1733878276836138,-1.0377721462764256,0.09798315347089544,0.3080505395041023,-0.3916485674217911,0.26912694124510733,0.0628200220393614
0.6215718898560508,0.7553864040693501,0.2292165821727102,0.17006746617197988,1.1260502507721681,-0.05139372358848624,-1.7730324682068814,1.2619215007139917,0.6620729411511663
-0.6537663386488198,-0.6024521341482534,-0.8874378239760696,-0.4665699795635536,3.1377485336599937,1.0560568090660518,0.22323891412915967,-0.05489400061628639,1.88855744068865
0.5211224283793383,0.19644399461229958,,-0.5204911906622657,-0.1973384203073261,-0.1512732836535117,-0.194908280352681,1.1337700968670645,-0.1793605723618622
-2.9403886346642802,-2.282798584970714,-1.8826822133100949,,-0.38851845308888583,1.1241127199860135,0.9475264621228578,-0.7728776678236091,0.23813821195846163
-0.971656734541286,-0.7599858477501495,-0.5256946353559886,-0.19505937337941776,0.9531250453760867,0.513085420097293,0.7250957868479971,0.5161782871149584,0.9533604996957987
0.43192254467394064,0.4166718254517984,0.5483233570623287,0.8209252409867656,0.7083038472010638,0.3514482075415829,1.0701502383164274,-0.026521259249060063,0.36955562141190146
-0.16306696394376388,-0.09213809191619318,-0.01684481175617425,-0.22305675621313617,-0.7924199209999613,,,0.21329370737293857,-0.538056445348158
-0.8170886310681906,-0.5524227069933674,-0.7317796912128044,-0.028858282469581054,-0.7627247785662142,,-0.9399031011088647,0.8294748419317485,-0.6477565241304746
,0.0778492668298727,0.0667387704119291,-0.7189144681370634,0.05993263026632825,0.2773769379581917,1.360658595838651,,0.21181060227546175
0.18384954475369486,0.26070027682868513,-0.2785605806249941,0.42020066254265565,-0.49163618563204736,0.8071225966373103,-0.9735461997044687,0.47635776935621926,0.23776209047393676
1.0602099074988798,0.6382368262171156,0.4719455204954718,0.06136272983927693,-0.025574312191994436,-1.7690759048891183,-0.6947131310890582,-0.409282438113104,-0.6268317469095745
0.152354872033722,0.394396468169468,,0.3595761275848688,-0.009300321138614417,-0.32789471651291785,0.15519068385897913,0.8250982646676347,-0.10112200139711829
-0.6581164890752567,-0.19837027856254785,-0.13666472461088652,-0.2181231344334124,-0.47622087354465903,0.8743891807127275,0.26256132900192497,0.19358991136754436,0.07357265822896408
-0.13737178839939665,0.5205139161828998,0.18667630236244498,0.8404739536232736,-0.5827586576115821,-2.438817158276429,,1.42274813609994,-1.385403629661783
0.9653974845911707,0.5476191810250169,0.8219698103273179,-0.02120275072095712,-0.6176518954343502,-0.31607285602704976,0.6157711497711416,1.2038844371688162,-0.3893929009062415
-0.4501892648514116,-0.3115750092510743,0.006446474167551064,0.0640975134740879,-2.296180953137238,-0.5505368494915835,-1.2207124259141586,-0.5081401976473109,-1.0742004070323872
-0.4532484090230134,-0.7790184678562082,-0.5810587210397058,-0.5792140660323383,0.6222071440434019,-1.1388331177807691,1.0391117874202687,-0.07576428653545988,-0.37226223602424496
-1.0718572330401555,-0.7468559551562826,-0.6457215271698147,-0.511435764297635,-0.9020515543575104,-0.8696630812746944,1.1254347844147694,-1.1894118928673278,
-0.9006207346478687,-0.8301366473516496,-0.6679868427684573,-0.5716235456746735,-0.5441140021141926,-0.1627929060722942,0.04091917539572113,-1.0021874557814727,-0.30011667172927736
,-0.02588169421227754,-0.10518486536463545,-0.3537982583250117,-0.19102776260016902,2.412615421612916,0.7846042878980238,-0.01926037973439464,1.0834975000786842
0.02246589281204638,-0.1369502797540793,-0.018841144797226813,-0.08780975421511622,0.7153813154412441,0.7181857257079345,0.4384757388097273,0.019616657693989903,0.6349056968535371
0.591814133741378,0.1356146993996501,0.29878702709594024,0.05630953079106145,1.5490201514951873,-1.2391070756539009,-1.46752526575244,0.16476084123651674,0.05521762111594629
0.1733416643704082,0.044420583355822635,,0.1231484493761853,-1.6009039784765156,-0.828497024780246,-0.10325476014904739,-1.6431888111541673,-1.0181431735254094
1.6614701657280182,0.9340785783389872,1.4258798661669825,,-0.6163614080394775,-0.375196380323937,-0.31771509675623405,1.2816437950037687,-0.3807579020529744
-1.111457956937032,-0.7389464746481635,-0.9785241283099628,-0.12417006494400357,1.5805406865683735,-1.0150941918278686,-0.8108575112103382,-1.2575778589146163,0.3516566192071995
0.4663583744463345,-0.03992990969419652,0.3081281607067213,0.3454455006024296,0.15175799224874037,-0.835142901630023,2.0895387216947734,-1.6076610271180587,-0.30885367275944076
2.0236062192296393,1.6245764916203433,1.0989921633682516,0.5544965662410855,-0.18039168176240783,1.3728484746765302,-2.211861911329507,1.5334337012963255,0.4766233544793702
-0.2666523292344148,-0.6288842273587711,-0.9360749357119721,-0.029821536178954222,0.46217266608194285,,-1.3631740045928105,0.18970616761039566,0.9630383307135737
0.42588720619303577,0.2766502040471002,0.3582589337592437,-0.3085444484156816,1.804348109786743,-0.19090379172729868,0.7197579421481819,,0.8079872699406907
0.47240627788037737,,0.5133560013926537,0.6591027473342193,-0.0007085945766459172,-1.2504077339697175,0.6045153263553668,,-0.5206133996014649
-0.4700421477595015,-0.30390413992044224,-0.25040946070563336,0.06555302992888215,2.0997217891665154,-0.24702570074599667,-0.3583401520212222,-0.6475418056351592,0.7371349765028374
-0.181224173218103,-0.3176780595674692,-0.7117254365789822,-0.9551335924054832,-0.6004235657387051,-1.8665399513606162,1.0075136898369221,-0.684629825760004,-1.1639909500243573
-1.9701038177118355,,-1.4843275014212272,-0.9122025525626074,0.014273067836434106,-0.9539394193966448,-0.4070363129267805,0.6863184569567008,-0.4695257393972389
0.5844129804724842,0.47113375878687674,-0.2564152416845854,0.09528180992799973,0.10435593752321293,-0.8987840483231282,-1.3303136257389898,-0.1891203907770335,-0.5057910930582037
-0.12754912037753421,-0.007513227133346248,0.32162594803198147,,-1.252393444413119,0.3636318826249679,0.8868873900973003,-0.42076179368105326,-0.4817109424651815
0.19894814679649453,-0.11421315521896966,-0.18655267187787963,0.4718130391482204,-1.0710536796490489,0.6802161054504494,1.192507512477975,-1.7785875840065168,-0.28925994407000516
-0.5041798310076715,-0.2848304100366711,0.023695201132598875,-0.43236990227697025,,0.0341524174880246,-1.0872459388628026,-1.0858251288851855,-0.3299479489419079
-1.148794035158656,-1.4599135544474802,-0.5203949315058155,-1.198498904315708,-0.6775646523356551,1.1941094030473725,-0.9811655311396816,-0.46440426230938764,0.15857538798731652
0.7833905092825955,0.5007354969533143,0.27819625073699833,0.3307192741740259,1.7388996637975789,0.9788580507817954,0.08531814256502405,-0.8082657216409264,
0.5225141052657575,,0.025924388305706703,0.4664498079527448,-1.503080301759818,1.0519476177229186,-0.9980606273144129,-0.3839712719523516,-0.0007506847596565613
1.9956674897839644,1.7231993570414192,1.5020783077646764,0.9772601798208007,0.5345056484805503,0.8876554258738361,-0.3206676255571917,1.7952113559123222,0.765226556562397
0.49774308909139425,0.40272064180848927,0.09512295120905462,0.7081806033527944,-0.6172531865469232,-0.5583017539460305,-1.100154232971695,0.4395012306202264,-0.6069016653738277
0.4577728661518858,0.08510568215025133,0.3511863989537823,0.263453674075787,-1.0917008761393143,-0.387099702474401,0.6955377575657775,0.849102110743144,-0.6382181207108109
-0.07159925185806683,-0.25427802664985655,-0.19496775354272228,-1.023851343882486,0.5752050161065663,0.5006657213812097,0.04977368718096008,0.007063158628176452,0.5258883408516287
0.6988284202025348,0.5987987380715092,-0.0451676301979157,0.1474924574401022,-2.1533429198712444,1.0971527117536957,-0.47883745600840416,-0.8627757640431206,-0.3561770081755492
-0.3920126399191296,-0.32942358030821495,-0.9435492536807284,-0.4223909879256086,-1.3659557112005343,1.2119439853864005,0.26125053123385605,-0.36927713924620315,-0.15116577928236807
-1.77623523289832,-1.5368130082458054,-1.1753593884804447,-0.7303434235757142,-1.5223591862178911,1.1126883749899252,-0.6292633936927887,1.5337277099164992,-0.07514118665434211
,-1.4620531239767534,-1.3636178942142503,-1.9271586969356966,-0.5482872964906009,0.1600182258527877,0.501782736167545,1.1173988159024608,-0.22951161220770946
-0.35976864578908574,-0.1485813171994108,-0.41776499712659965,0.9304550931674423,-0.9637589262106109,-0.9571509148950429,0.34378788154988543,-0.04865235157045115,-0.9979956689144056
-0.7584953347000695,-0.7103347823338986,-0.32218758256191293,,1.0352493347237526,-1.8461878622380938,-0.92951086019241,-1.496529255090079,-0.29250868145000386
-0.08343796979036086,-0.08436862463810335,0.2936261041364808,0.008929546784214433,0.20726732939894396,0.06934433703625043,-0.7217375533372533,0.17682087213939798,0.2535510923080803
-0.2716551103260533,0.21666322935526597,-0.27192199363678005,0.6026250241808181,0.8297324178791745,0.8113965544915921,,0.8187776437548606,0.9972989349199134
-1.1225448062444139,-1.1827723723723158,-0.8879609764440481,0.22779819770166043,0.5514762752395233,0.3405892164004968,0.39069592092814415,-1.326472128311083,0.2814569447289877
1.1695899924277735,0.5653034476272871,0.9687559046336065,0.6874807264117335,,0.5720574417141441,,1.1243533598705027,0.5587324574874695
,0.6084026736746015,-0.011856522784352452,0.7445668427934089,0.22530792204094158,-0.3695269288333586,-0.1314725956716678,0.8260471714415063,
-1.6065771007386793,-1.4209902928497642,-1.0576580540927663,-0.8003181659241055,0.6897078052451944,,0.26348721533105957,0.2942241290134937,0.16236573666463622
-0.7837656655863965,-0.6906600380176413,-0.3830701743638313,-0.4710063241573641,-0.06717829004935526,-0.7157599891107518,0.6820520657126199,1.4872461553359273,-0.4993711807451733
0.23940450053537707,0.035292324802078806,0.3716522129000527,-0.16914278272071318,0.7426824183597224,0.4822489526806572,-1.2376624223272978,0.8691560643892732,
-0.7632861041785816,-0.6625889114963678,,-0.7279981435836376,1.0729780477660118,2.3638724946193608,-0.7859860326349823,-1.3810446031537749,1.4689952617567692
0.7215625051261435,0.8969576265201832,0.27668717264561826,0.263368936032311,0.6929186230316111,-0.6058608207588934,1.7193779062072967,1.9925153531681183,
-0.5495571359085801,-0.2792200170032403,-0.648168970983046,-0.7077543959391375,0.02538842054241018,-1.9196731561976563,-0.01383774609423725,-0.6897277740641738,-0.9165362576986963
1.4436320034688142,1.3273503051524467,1.040508488750934,0.7660616028174586,-0.2797601684958344,0.7903718960517113,0.34005129456889044,0.570612997219531,0.2956807117914866
-0.33130838318332273,-0.5482921177051874,-0.08769249429793069,-1.0028423015136672,2.9490944253087252,1.2446795807367868,,-1.3224579567435701,1.9898877645462718
0.547264797377967,0.20758109059179974,0.8320984803983713,0.2009152640125641,0.3278795241593574,0.08589300629333041,-2.219300372747535,-0.22979963057519381,0.24615539282824508
0.17521141890851205,,-0.025841650874463495,-0.2711202012791022,0.9218015019772522,0.4826878872092127,,0.606850593215671,0.793898989099996
-1.1308884353259157,-1.0665869124772835,-0.940893654220905,-0.581178028131695,-0.9186865114860944,-0.4173668136050844,-0.2950899142379063,0.975816719344709,-0.5596413333454962
-1.2457173764463845,-0.805233263879976,-0.527100557848845,-0.6919925863359826,-0.21701705042437042,-0.3084827884558197,2.4267164863455224,,-0.3581645985301023
-0.5647740041709423,-0.34842990018707964,-0.30636872136056803,1.0216862079599536,-1.879924385139045,1.8709651753717822,0.38961417737090387,-0.8682927318763665,0.13230600695856573
-2.6357477390168778,-2.152900843803927,,-0.747694146210231,-1.0138959522925377,0.08568716140335904,-0.9254246260595873,0.2553837556743171,-0.47820957946073017
-0.4081008391602206,-0.3309407280717871,-0.1990521865092035,,-0.2346205699574138,0.03823799496002834,-1.4485914146335441,-0.29967664800678706,0.0026696912197335526
2.620793091029975,1.9588573643088991,1.4874201781070013,1.2684616535560989,0.2806364044901364,1.7586204841951334,0.3721054726068629,0.3891591956679287,1.075039021563882
1.2235688824186275,1.0198068824152589,0.4565597112596973,0.3686816722742258,-0.20298063739565708,-0.8000385643976464,-0.0635245746153551,1.2374381346841392,-0.4056898397339467
-0.04282338131157488,0.11891695084686307,-0.4954300416357811,-0.33444172017484775,,0.21128369227947272,1.2000789564268612,-0.49190244750620515,-0.32755335243508577
0.6197114459661363,0.17259179929081442,0.6324135626038373,-0.4324737488750854,-0.18452535765584954,-0.6047446645382127,-2.205566057099069,0.8970661968871322,-0.4469927266383072
0.6515219913395057,0.5811471306390743,0.8126444408637564,,0.5987943895619102,0.6683404887180808,-0.7341737987784958,0.08199555641356042,0.7024851419145095
1.4558223221467665,1.3511448319083468,,0.5381348051171784,1.4104591452035038,0.4097627959594974,-0.8610879101735704,1.4033699701251907,0.8021876049590689
-0.4430440211284823,-0.43745527469545975,-0.05719921509296555,0.12465724479280582,0.19729226563120644,0.3113086734428849,1.6999573745763805,1.0715431522348857,0.23682777607755767
0.9413105807674833,0.8931885870381034,1.007768979797734,0.9334260380350377,-0.21804589539237385,-0.8476339286190848,-0.6520888885930607,-1.0896330373423884,-0.4036734791887955
-0.370508098590029,0.2665244100224874,-0.43336056880912566,0.7094804000980723,-0.9077561801469204,1.5192839236417688,0.5107920885275947,1.0305805856240573,0.3448197707807142
0.8545252270666157,0.6627516230559143,0.2512429139234739,0.05669626740390715,0.5532512199847837,-1.1755946056248516,-0.8950698422766047,0.5972282182533848,-0.25217454229948444
0.46320629209912306,0.44922644368036324,0.5792682041946521,0.45968211048502206,0.5522999376795232,0.6256309336460009,-0.6967718184295749,0.5820265670847269,0.5092020549744393
-0.5388418561927383,-0.5786849016864689,-0.2518850736630966,-0.09422925435496099,-1.5648027713620551,0.0953441994413082,-0.2634482160822491,0.6791427754381955,-0.6925232019375719
-0.3294477863470914,-0.22730799655726303,-0.1983801381406962,-0.3260560679759438,0.46926758980852623,-1.5355721232071058,0.756788679986982,0.6124687940136023,-0.39404715750022656
-0.2440804736742013,-0.10321005394290028,-0.054644887382043955,-0.3706348153228902,1.4313667818311835,1.0817667276728287,-1.3122191934314063,0.6220699903060487,1.1862670323835849
0.38680852068920263,0.34841528460538973,,0.852857437073623,0.24930859564172886,1.0450884740847535,0.14488783309689118,0.02390304328495547,0.5567486813151381
1.5634133588321082,1.0467916231239154,1.479534409138544,0.7190733241671707,-1.3993061748019415,0.3676492929914216,-2.100026507651624,0.6255080168310357,-0.3560343655154199
,-0.4326124102565527,-0.026153493511350767,-0.005180345869236436,-1.0589075870566005,1.4816634024625988,1.9625871905307948,0.0036956718478473255,0.17733670541972082
1.341475915530881,1.3656199201682324,1.102299246573721,0.4905415473697684,1.6850142787085094,,-0.8798143535020543,1.9870611116994412,0.9263865950638495
-0.33513778117145177,-0.17838307203425596,0.019144414948862237,-0.5947436298294311,0.41486550036191044,0.4632885301181062,0.04351466864346608,0.5581395145185063,0.319272243825673
-0.29660745906979835,-0.04488852944147048,-0.0534064556214261,-0.25471302746172647,-0.20447122098612153,1.75547569831549,1.5730197252148563,-0.46580556911816284,0.6000779311672393
-0.0739475656083926,-0.10656044648923962,,-0.11354482284954259,-1.1306153349375263,0.6227112239002686,0.6295295842218108,-0.8043157596599924,-0.25579785162713475
-0.6315777291653314,-0.355282135447523,-0.21513500794178994,-0.6388572839954534,0.4547409121411344,-0.5164296438875717,-0.19646658342809717,-0.20585943088034037,0.09561249854772248
-0.1767741631157821,-0.08556576284932048,-0.5420904348388259,-0.05527738116974549,-0.2561797524953801,-0.24149744587077882,-0.061764199860128925,0.4794415180860639,-0.3044642573678224
-0.6497652268482671,,-0.13866819310502204,-1.101398671677036,-0.3519213178165091,-0.7699960661974573,,-0.4561208274741882,-0.4860152467044746
0.5950294658355647,0.5397277736282267,0.05816374415508474,-0.12418230481101294,-0.03143917037477642,-0.8484286341908146,0.5731278132412001,-1.7858664919341112,-0.4616094466172573
0.3011073391917421,0.04254653866533156,0.29651612347263934,0.293892422509949,-1.0040545968420103,-0.09546424708907303,-1.7762463334664518,-0.08059974929676088,-0.5208143838961312
0.9153902755601617,0.605736165471171,0.3872270053642655,0.6049579073938602,1.7388513518533313,,,0.8141517621182666,0.48691974238241365
0.3687331473175197,0.3328521793124906,0.4241298980445918,0.0429606014327478,,-0.04889718347410554,,-0.05240445057746945,0.3362635315539435
1.2468917155347194,1.0569622271038004,0.8626466330959309,0.227071612631499,-1.703871586826719,-0.9244659881295544,1.5628887685081978,-0.2739930818293042,-1.2021224467108191
-0.29983819627488056,-0.47771705003533027,-0.6883135248414161,-0.6975916506316026,-0.1590452104000513,0.29562448874709507,-1.5166425494207911,1.4769344261182744,0.11548946965973925
0.2167755637626291,0.38421760524667853,0.277952783939384,,-0.6078752606758179,-0.5391227031489786,-0.5482687949250771,0.8333339117803071,-0.4938209923956214
,0.2908343972711881,-0.018997234140106373,0.43230803502082943,-0.23052462518025083,1.1797252083607102,0.1941076309533577,-0.5312142946075985,0.3073010499360022
-1.1022921498364233,-1.0227794069913154,-0.5072604886414855,-0.2423693676570594,-0.838585798447231,-0.8866809222834573,0.5348173363459102,1.2289805024890619,-0.6679501999244555
0.45838670355148425,0.05919240355135236,0.3212683991063611,-0.16309725206197623,-0.9096834169818336,-0.936506374789596,-0.6677795564688862,0.29219272832637316,-0.8097551022749438
-2.238231233324972,-1.819565902476264,-1.448135567711069,-1.553136511879672,,-0.4997301761516306,-0.5262478565174211,1.3883377782084478,-1.4414164067768407
0.38298898474092846,0.21720244502051073,-0.01917839718591363,0.23745892215883976,0.21539650545628794,0.5082686396745896,3.9262377064363267,-2.0841129394985884,0.32473107997038103
-0.28744751940035557,-0.2073299241096799,-0.37801293300845745,-0.4538119427161477,-0.5698329282387588,0.32950873557300914,-1.5171736966716791,0.7505791675217656,-0.15992163142180932
-1.1300693390403578,-0.9766788034633995,-0.9286401281585758,-0.7933083376225206,0.35845361820962024,-0.7309562757154733,0.7579218499236196,0.6855077387902041,
-0.1755639454992155,-0.5419425285483744,0.13411598222331583,0.20494491904579037,-0.7188323876087304,0.7450053128772811,-0.19469729611668168,-0.06418817710849775,0.059336659963706094
0.2522403964266774,0.12412292948111026,0.6797814038403209,0.4053199291149734,0.9854496856152184,0.8691545924968965,-0.4555395260238707,-0.8892408282283243,0.6598823560158963
0.8760467925297942,0.6397136118101728,0.3716812292479931,0.44701789198668435,-1.6394841625254342,-0.39247110606087293,0.9965705105794472,-0.46649537922819795,-0.9682559545984478
-0.19050310599781134,-0.025670279843437338,0.18970226919883618,,-2.9911359709007233,-0.18689615816198485,-1.6304732437151401,1.205994516546816,-1.4556091551185775
0.46667098196608103,0.23369685065065493,-0.32423353794145393,0.2247767373786565,0.9321915642603847,-0.23655528721894603,,-1.1062935124116342,0.3386533852380752
-0.6085897232397004,-0.15113684391724708,-0.784269626595477,0.33438080996466235,-0.25885440036983165,0.35250496835687956,-0.5703513664136806,-1.8206033005485172,0.16147385618688415
-1.9122549754197768,-1.9121320904661732,-1.6262120196498762,-1.2975327205859182,0.9113627221747217,0.10575379127148042,1.2637066776546686,-0.8463159774657358,0.38052834959111276
0.1998104337187135,0.4220818465354957,-0.2658853032291173,0.7936947439159835,,-1.6548874362282961,-0.9600462952794637,-0.12270893359572414,-0.6645698827132571
-1.1302037246739238,-0.94902677391476,-1.2662191242080207,-0.05231794854157312,0.07203686128374476,-0.21220896990115168,-0.9519184600222356,0.07748051851886253,
-1.2417605754816243,-0.8214914859165883,-0.7453327291957977,0.1725982413074365,-0.8603850107795019,-0.41360553342164424,,0.5565531245337582,-0.65344850390097
0.486036289417637,0.40478932834585624,0.2760050932739874,0.36497084762005494,-0.09363618873917084,1.32579664754219,-1.28716356858425,-1.3971181851129912,0.5197535569501324
1.0383788510193166,1.058614188020547,0.8406868149950545,0.8701251927347331,0.5517407999109204,1.2002617497388293,-0.463161362085399,-0.41142660711600243,0.8654813693411845
-1.8697416996954206,-1.573265752666899,-1.1016773839503404,-0.3782845362677033,-0.5098066931908826,0.03444101170584135,-2.4883273534129895,-0.6582484123338483,-0.3192981062047031
-0.9822940342546795,-1.005559312439306,-0.6079207260265156,,0.1704637709965709,-0.9627325652846123,-0.20661127969604665,,-0.3137395179143283
-0.5865312695639355,-0.18512415819693578,-0.21324293584964274,-0.31156813803424654,1.1590740649558977,-0.336254738681072,0.42548993324023027,1.197246923645228,
,-0.5902489311184655,-0.5174683875719633,-0.5335664932822239,-0.8567720938267928,-0.5555467794868666,0.20438903160297678,-1.2021495260760888,-0.6916772926353674
0.31745326125017514,0.29827430372498226,-0.13388073361660083,0.274386563744485,-1.514470309180767,0.32159321133923857,1.7549330716472415,0.01840163078343813,-0.5697436240504865
0.6927227551168594,,0.8022501828280404,-0.03554741663701955,1.631856899089109,-0.7330329955239894,1.8180619225578247,0.7751554940347831,0.5719567238957103
0.23402445435314795,-0.019171484936368638,-0.01291652178713451,-0.06880645710749823,,-1.1171864617070024,-0.1858457521927473,0.3099989831655551,-1.4153955048576385
1.2189707897936632,1.094274811362782,0.5726006632268364,1.0951837341097708,0.7597122954841684,-0.09445871444200275,0.41960997202411815,-0.8638829605897661,0.07923976412388273
,0.7154007799545029,0.6758319020998764,-0.4472610724934108,-0.7068925679873489,0.8555556590207121,1.649480894323921,1.0706105599791862,-0.13299049972111157
0.3614173172731029,0.262699982689608,-0.0208511536977819,0.7714128303315708,-1.869816339532164,-1.1617838439123638,-0.28313889674376713,-0.30085974714082625,-1.3608171239153695
,0.3256387765586048,0.14705599594969893,0.6443329534164267,1.0487071264165635,1.6554071130882952,-0.4835614838465371,-0.6121669171548207,1.2782284933561772
-0.35802937974698623,-0.5864678760869763,-0.1474043893538504,-0.5357865719843763,1.3183023248526693,0.07268052432934134,-0.4114931445621802,-0.08923415422144892,0.6634878678946301
-1.7312013034449254,-1.5407284513200274,-1.1073383906376097,-0.7070807396432925,0.9515497705740428,-1.0211624575603002,0.47347189903522846,-0.26764109089879357,-0.014568698563716852
,-1.4315673577985684,-1.7584082141737354,-0.8576813239166103,0.47004418736820214,-0.7076258948220261,-0.7121738641760436,-0.11066536855732945,0.009314191396345914
0.8419836954521269,0.8508251940786608,0.4430769749318654,1.0024912638226697,-1.0385438208439723,-1.6312758154609455,-1.2374266382225725,0.10940847183297006,-1.2553779584109264
0.31318447386498,0.23801966362653704,,0.5358850552838987,-0.6946003691631446,-1.1543626682329844,-1.7518288067517191,-0.3899237065594453,-0.7425423112255755
-0.09662367001488972,-0.02867424430933317,0.08128346630975954,-0.5772328358588036,-1.317131919946585,0.7760279138434754,-1.0022170189267248,-0.752435237353035,-0.4066982912490411
-0.5014021468856367,-0.4599702186358009,0.2715380089846168,-0.041077165795809806,0.5221425459339358,-1.1036698285303692,-0.33078922432755736,,-0.35218206046220163
-1.1967886464263116,-0.686114239975453,-0.48371360037595973,-0.4939196854425708,-0.40968659262949736,0.7123221595801621,2.2816518365388427,-0.6176416769336966,-0.04451813436538252
-1.8800100339077637,-1.5440785426850439,-0.9727191031674527,-0.8933140974037863,0.4373131870389607,0.18517553682991406,0.42544486418417227,0.22228985580085406,0.25263539567401444
-0.952316380738797,-0.715484686164068,-1.0829820316538985,-0.720559572086367,0.9003985883950636,0.4512253193185082,1.1834936668899279,-1.1780408673763807,0.6036046367444731
1.5232386217122582,1.4477969261982198,1.2954251406886073,1.567932983367266,-0.5244481362626519,-0.7353034606819523,0.7214793237573432,-1.0501407396021456,
1.3705361439967134,0.9409546182281894,0.9434432602886261,0.980597498897944,-0.8468509661253646,1.2496189052966666,0.7793490039053323,-0.03901951937754412,0.18743390791579947
-2.025807873111377,-1.308888461589723,-1.5833600522394384,-1.0812415425430206,0.18947982122108065,1.0074439731951985,-1.2549226680022925,0.1847104747810833,0.4458603744061529
0.012499321907250335,-0.2960928244228751,0.059154127494833786,-0.7114999374178181,,0.7719201548366751,0.44130715169924584,-0.7331561971099966,0.25057920340677325
-1.8579014513982872,-1.16039273489607,-1.0169675555953561,-0.8505046933287813,1.0581183250871502,0.3676198402097109,0.1480894197982762,-0.8810683366612923,0.4918375075230127
1.186734620177331,0.8748525793514699,0.9809637114253952,0.6987126060474042,-0.9046143749937661,1.1727568452674448,0.6654168236917787,1.9412174364637491,0.2569870091363805
-0.3780078990182172,-0.35094606877963014,-0.52814766971537,-0.11448530368928887,-0.8729610904537004,0.8814075289235711,0.7211353625455816,-0.9162741005637249,-0.026561709978358314
1.1701987091966037,0.5581569331206944,1.0418767705154086,0.836147289779714,-0.8617030702562581,0.03003147916408217,-2.1523835446091804,0.8764556455029355,-0.4231408278958483
1.503419828428999,1.1117769192676605,0.86111761727751,0.9830340404329373,-0.2880388739220764,1.4185313451480366,-2.4878086565350794,1.2769653860881878,0.6676156448960905
-1.2070216478572156,-1.1735786244911492,-0.779910217810765,-0.3163195643935268,-1.1533505105959594,1.1373145423647293,0.33855287628591424,-0.9379255765363989,-0.13144083905897652
-1.0257526836402773,-0.9421314159869164,-0.8090318987913343,-0.43453668934797485,0.3616610612470166,1.7611881248673737,,-1.1818741254208012,0.8427234223482787
2.0860470495371137,,1.3945730591552918,0.429105775798753,-0.05390484900573916,-0.9823035803773146,1.1218578562304709,2.3200407220172594,-0.5759158257092307
-0.9040682897360003,-0.531696308894219,-0.40297491030304733,-0.397297197795292,0.4751677464953816,-0.002403840918853844,-0.5892716517893062,-1.0921636327180897,0.20595661933948933
0.9137716213855857,0.7725379673885937,0.32758201902514056,0.8875586763966224,1.3995946451457935,-1.342127748485115,-1.365824155415439,-0.14896930976729691,0.06902326646106502
1.7963608229269636,1.4986239890217936,1.8410110983319543,0.8785652220032177,1.23000057271915,-0.9647054257507148,1.6284685547723217,-0.28438464960650933,0.19335036294757924
0.6789312900592783,0.32404115427831026,-0.07107391774685412,0.3956608400164849,0.4283166923752375,0.07715649621771674,-0.5938114080687051,-0.16563141031763223,0.4846624666163263
-2.128734094414812,-1.8791380934523958,-1.6694141710668255,-1.2549821821698905,-1.6873443471107104,-1.7938924978678903,-1.3554475031122892,-0.7090209576304904,-1.7914998256604466
-0.5258796758952039,-0.06095873704590071,-0.25705220614412044,-0.44849998164427846,-0.07744346072599365,-1.1952937635992447,1.4509275482792119,1.8071966436378852,-0.5118581920339156
-1.0240285908863795,-0.966263079661753,-0.5415257636898727,-0.6290954734154959,-0.7282722024066131,2.1650560678066024,1.190548594343596,0.2125740306322149,0.5908396821727722
1.105900424357309,1.2159619898973064,0.7439875808786047,0.8531961711514454,0.861636124497944,0.13906039865341766,-1.5769964821909972,-0.8028244439508423,0.3916719205292354
-0.07566560432583026,-0.10914472323683752,-0.0701831339285439,-0.32776192172668,1.4891131083282896,2.271449745422796,-0.40439742318396127,0.4914294527201998,1.630276071362601
0.19548173155329082,0.1568429724713335,0.2600022376855885,-0.00017871445986732126,0.6820694900626313,0.12617790366196718,-0.22247489677826537,2.046862195719558,0.27283436009527195
-0.4030759890650308,-0.10838775920603869,-0.35147403558282564,-0.4408179523180163,-0.14702542343084998,0.8407344821295493,0.2078025073533134,-1.2926253471522626,0.48062155987475985
-0.6073544332122114,-0.2315050621820378,-0.007193725868076206,0.30879492971641576,,1.063940987560856,,1.3845320475939062,-0.23620211221800552
1.1013229577357622,0.8588958541327922,1.022730804684514,0.3975552094444617,,2.2724347204468818,0.8890371222798921,0.5737444210044131,0.9808533611575273
-1.2883076174635377,-1.108294704675138,-0.6399680269227859,-0.0838746047546095,0.14098269961206,1.5886269280435958,0.6954024745502987,-1.1410085097527383,0.9134259076937452
-0.8049664808525608,-0.6551572743864913,-0.8533235536079176,0.21840477558446864,-1.2551353719733949,-0.12765468151819012,-0.56060763684731,-2.929448690002268,-0.7735084206011008
1.088769654216672,0.9386072290197613,0.7383222306299595,0.5307459515231593,1.6957228778108653,1.8972886947731116,0.1566937282465246,1.0235306441853447,1.4837846945296969
-1.3367254388759306,-0.8911196137267934,-1.0258475918293626,-0.9380512612550158,-0.218653277435036,-0.09139955750911445,-0.08087849786546131,0.05225849049748321,-0.3573205489443365
-0.7170161491279362,-0.5727669475035188,-0.8035917170963951,-1.178019319595446,1.1535903433169254,1.3863493972628433,-0.3021805869826214,-2.6031370878272986,1.0730314292485672
-0.06418416128881928,0.0724299305735753,0.0631203422815566,-0.5453568708665714,0.664927162301741,-0.9245641143780999,-1.5975991695954321,-0.3270173176097711,-0.10066677576388619
0.4961991873633163,0.7246312963448412,0.18604570382037647,-0.11475515215255933,0.8155010224442626,-0.048088507330772585,-0.18315047105329468,-0.35667313417987123,0.35562148959430395
-0.6273134459513029,-0.42558883430808536,-0.2424982632108409,0.29603455039975063,-1.3724655478841008,0.32297450361766816,-0.06100397185538355,0.5002404694365699,-0.45733677881390666
1.2208212988130478,1.038987610251394,0.5335174403008338,0.6697224010416148,0.43477006455689116,0.47543068252662346,-0.7955570679408823,0.4243939378610126,0.26848465308097336
-2.2168188393540644,-2.077237236501265,-1.0360610036952989,-1.0905005322639638,1.6291663649009451,-0.581782033392054,-1.1738799644089726,-0.19793772898468187,0.5516384234404033
-1.8316822472060261,-1.9914918251306337,-1.5510773706218366,-2.0830634986524306,-0.10343122429028392,-1.2390527025266425,2.095843501809159,1.5944423917491968,-0.580155015243717
-0.81240234893742,-0.5722467333039024,-0.5028909430960631,-0.822534611669246,1.451001438131336,0.8794170411374032,-1.0773760769847582,1.3764964500195378,1.1219937438175327
0.6870657958589163,0.5306877904309586,0.7185038502176616,0.67324458483709,-0.531454551359215,-1.5678594253654559,0.3467099776049199,2.5115565515844236,-1.1339675072851072
-0.032280611049470324,-0.12878102382252465,-0.19378855679466306,0.03744103065951969,-1.2992163634458243,0.23278674294016363,-0.7567639770159263,-2.1899217049785533,-0.44874424334776836
0.9583858198420424,0.8154146967109029,0.9266106669193148,0.4303667065523028,0.2243396567780826,0.9040175547613144,-0.29748220087385013,1.3119837385739466,0.3889842212009759
0.19405194360587402,0.14316080904531758,-0.23291871881601306,0.3118334288672396,-0.6382827265284942,-0.8153756283161211,-1.066234931899225,2.1247714030169615,-0.693878584935213
1.9203675021442612,1.7618500518421887,1.7798925612557508,1.711429153559639,-0.695694877197064,-0.9181269834165748,1.2395840064415615,-0.39622967810175985,-0.6727833474124991
0.604120889588518,0.50051888532261,0.42712940220169004,0.21189434577874577,1.1464408704007276,-0.9733788380270346,1.0071333364731596,0.3361449630262288,0.08698727519375321
-0.8239354869719996,-0.8085330465916332,-0.7556782632710635,-0.4573719068917521,0.7821300015314592,-0.7908993816675531,-0.7798529462216388,,
-0.41521376790527154,-0.13413776653235943,-0.3804041692619204,-0.003443892426893594,0.3958197810959231,0.6928557558178116,0.73463754545933,-0.9858038086678267,0.4905313072296224
1.1947628618769377,0.9123840745123097,1.0790097841316721,1.5042742988169828,-1.9782252493748103,0.04693490206036963,1.897767016745977,-0.9478927172689863,-1.0222341878158627
0.7640297815728595,0.7165311619927491,0.35948425954587016,-0.40982380857196077,-0.6342858476894031,-0.23596998721097162,0.7441857103150346,0.42154608353656126,-0.27658838611533904
-0.33912227927003874,-0.36677996465459106,-0.4621929023158604,0.053221227122768555,-0.49693202511797824,-0.18256897437954112,-0.9899577925520139,,-0.32630385172350884
-1.1140464501619933,-1.021202537229082,-0.8462934943885166,-0.6586424218410747,-0.43112556957509907,0.4080528468367557,0.5507975722736632,0.44477380783159476,0.10147226919327806
0.1493634822711889,0.13632443185409035,-0.2485341962411582,0.308503349586126,0.16048962397348007,2.212531039397242,-0.3600392687569827,-0.7280770978553212,1.0152061298072208
0.3123782104665717,0.2524682970819944,0.7648279197091448,-0.11146804334869309,0.5904220612514635,-0.1421465369405461,0.33868731792169,1.0294574815983573,0.1493663870992545
-1.1430193120737286,-0.8184500425856163,-0.970031895816027,-0.5106560378947499,0.0731969910016945,-0.15024298879825998,1.191707497107065,-0.08371795984921201,-0.11108937767223913
,-0.3685530354377316,-0.025985863324689107,0.06343241052355911,-0.8505352787470439,2.4851899166788916,0.2647753109779796,1.2753907379990148,0.823211980238639
0.5333592447054494,0.05941543901028007,0.4361924963881463,1.2808133438237046,0.8721970000729778,-0.3150867311941086,-0.5717460419560614,0.33260751032419755,0.17975650526264356
-0.22272070077660705,-0.26473133733896337,-0.45126470568821536,0.1643756733574506,-0.8369207037962799,-0.14037505890533644,0.3076126681891964,-0.524567013767051,-0.3753235499742097
0.4240668615184512,0.4980171826435241,0.29506039029909703,-0.040415929626088976,0.2810092502818063,-2.132595626154836,1.0126374096440718,-0.1581538443723203,-0.8714591089097925
2.3079162506161106,1.7868577846442673,1.8507422092245016,0.902610797977479,1.7031726099180378,-1.6380290574360168,,-0.6220348055543814,-0.16828173137225255
0.4968735905075971,0.3482221919031681,0.291333112829426,0.027567671788359227,0.8580141953021454,-0.8281962729652346,-2.018487864388638,0.14506374595938162,-0.043613341727036695
-0.12205713212127726,0.0996295954841656,0.2724938912704143,-0.6584795117615067,-1.3480471119401671,-0.7146806769904318,0.5212799050138145,0.3216785413765001,-1.0461383264550543
-0.9951484818533795,-0.9385134309344882,-0.39014931946280645,-0.6951441352412678,1.4288577078135674,-1.4741321320421057,-0.5859276733177553,0.32910677871012955,-0.016983218534608487
